1,Ventelators,ventelators,Ventelators Breathing Device,Ventelators,Ventelators,1200,code-1g-fd30-fire-door.PNG,1000,active,0,2019-09-01 15:44:21.375,2019-09-01 15:44:21.375
2,Ventelators,ventelators,Ventelators Breathing Device,Ventelators,Ventelators,1200,oak-4-panel-35mm.JPG,1000,active,0,2019-09-01 15:44:21.376,2019-09-01 15:44:21.376
3,Ventelators,ventelators,Ventelators Breathing Device,Ventelators,Ventelators,1200,white-painted-pine-top-hung-roof-window.JPG,1000,active,0,2019-09-01 15:44:21.377,2019-09-01 15:44:21.377
4,Ventelators,ventelators,Ventelators Breathing Device,Ventelators,Ventelators,1200,code-25g-fd30-fire-door.JPG,1000,active,0,2019-09-01 15:44:21.377,2019-09-01 15:44:21.377
5,Ventelators,ventelators,Ventelators Breathing Device,Ventelators,Ventelators,1200,cotswold-oak-internal-cottage-door-unfinished.JPG,1000,active,0,2019-09-01 15:44:21.377,2019-09-01 15:44:21.377
6,Ventelators,ventelators,Ventelators Breathing Device,Ventelators,Ventelators,1200,arezzo-round-matt-black.jpg,1000,active,0,2019-09-01 15:44:21.378,2019-09-01 15:44:21.378
7,Ventelators,ventelators,Ventelators Breathing Device,Ventelators,Ventelators,1200,ring-seal-soil-stack-complete-kit.JPG,1000,active,0,2019-09-01 15:44:21.378,2019-09-01 15:44:21.378
8,Ventelators,ventelators,Ventelators Breathing Device,Ventelators,Ventelators,1200,rectangular-ducting.JPG,1000,active,0,2019-09-01 15:44:21.378,2019-09-01 15:44:21.378
9,Ventelators,ventelators,Ventelators Breathing Device,Ventelators,Ventelators,1200,rs-pro-galvanised-steel-round-tube.JPG,1000,active,0,2019-09-01 15:44:21.379,2019-09-01 15:44:21.379
10,Ventelators,ventelators,Ventelators Breathing Device,Ventelators,Ventelators,1200,round-modern-chrome-basin-bottle-trap.JPG,1000,active,0,2019-09-01 15:44:21.379,2019-09-01 15:44:21.379
11,Ventelators,ventelators,Ventelators Breathing Device,Ventelators,Ventelators,1200,intumescent-pipe-collar.JPG,1000,active,0,2019-09-01 15:44:21.379,2019-09-01 15:44:21.379
12,Ventelators,ventelators,Ventelators Breathing Device,Ventelators,Ventelators,1200,rs-pro-pvc-flexible-tubing-transparent.JPG,1000,active,0,2019-09-01 15:44:21.379,2019-09-01 15:44:21.379
13,Ventelators,ventelators,Ventelators Breathing Device,Ventelators,Ventelators,1200,traditional-luxury-exposed-free.jpg,1000,active,0,2019-09-01 15:44:21.380,2019-09-01 15:44:21.380
14,Ventelators,ventelators,Ventelators Breathing Device,Ventelators,Ventelators,1200,orchard-l-shaped-left-handed-shower-bath.JPG,1000,active,0,2019-09-01 15:44:21.380,2019-09-01 15:44:21.380
15,Ventelators,ventelators,Ventelators Breathing Device,Ventelators,Ventelators,1200,apollo-back-wall-modern-curved-bath.JPG,1000,active,0,2019-09-01 15:44:21.380,2019-09-01 15:44:21.380
16,Ventelators,ventelators,Ventelators Breathing Device,Ventelators,Ventelators,1200,mode-ellis-freestanding-bath.JPG,1000,active,0,2019-09-01 15:44:21.380,2019-09-01 15:44:21.380
17,Ventelators,ventelators,Ventelators Breathing Device,Ventelators,Ventelators,1200,orchard-square-edge-single-ended-bath.JPG,1000,active,0,2019-09-01 15:44:21.381,2019-09-01 15:44:21.381
18,Ventelators,ventelators,Ventelators Breathing Device,Ventelators,Ventelators,1200,appleby-1700-lh-roll-top-shower-bath.JPG,1000,active,0,2019-09-01 15:44:21.381,2019-09-01 15:44:21.381
19,Ventelators,ventelators,Ventelators Breathing Device,Ventelators,Ventelators,1200,rondo-wall-hung-small-cloakroom-basin.JPG,1000,active,0,2019-09-01 15:44:21.381,2019-09-01 15:44:21.381
20,Ventelators,ventelators,Ventelators Breathing Device,Ventelators,Ventelators,1200,roper-rhodes-esta-460mm-cloakroom-basin.JPG,1000,active,0,2019-09-01 15:44:21.381,2019-09-01 15:44:21.381
21,Ventelators,ventelators,Ventelators Breathing Device,Ventelators,Ventelators,1200,rio-oval-inset-basin-1th-520-x-460mm.JPG,1000,active,0,2019-09-01 15:44:21.382,2019-09-01 15:44:21.382
22,Ventelators,ventelators,Ventelators Breathing Device,Ventelators,Ventelators,1200,circuit-breaker.JPG,1000,active,0,2019-09-01 15:44:21.382,2019-09-01 15:44:21.382
23,Ventelators,ventelators,Ventelators Breathing Device,Ventelators,Ventelators,1200,8-holes-panel-boxbreaker-box.JPG,1000,active,0,2019-09-01 15:44:21.382,2019-09-01 15:44:21.382
24,Ventelators,ventelators,Ventelators Breathing Device,Ventelators,Ventelators,1200,2-gang-switch-cover-window-plate.JPG,1000,active,0,2019-09-01 15:44:21.382,2019-09-01 15:44:21.382
25,Ventelators,ventelators,Ventelators Breathing Device,Ventelators,Ventelators,1200,recessed-pinlight.JPG,1000,active,0,2019-09-01 15:44:21.383,2019-09-01 15:44:21.383
26,Ventelators,ventelators,Ventelators Breathing Device,Ventelators,Ventelators,1200,led-flourescent-lamp.JPG,1000,active,0,2019-09-01 15:44:21.383,2019-09-01 15:44:21.383
27,Ventelators,ventelators,Ventelators Breathing Device,Ventelators,Ventelators,1200convenience-outlet-2-gang.JPG,1000,active,0,2019-09-01 15:44:21.383,2019-09-01 15:44:21.383
28,Ventelators,ventelators,Ventelators Breathing Device,Ventelators,Ventelators,1200,electrical-tape-big.JPG,1000,active,0,2019-09-01 15:44:21.383,2019-09-01 15:44:21.383
29,Ventelators,ventelators,Ventelators Breathing Device,Ventelators,Ventelators,1200,junction-box-pvc-deep-type.JPG,1000,active,0,2019-09-01 15:44:21.384,2019-09-01 15:44:21.384
30,Ventelators,ventelators,Ventelators Breathing Device,Ventelators,Ventelators,1200,utility-box-pvc-deep-type.JPG,1000,active,0,2019-09-01 15:44:21.384,2019-09-01 15:44:21.384
31,Ventelators,ventelators,Ventelators Breathing Device,Ventelators,Ventelators,1200,thin-electrical-wire.JPG,1000,active,0,2019-09-01 15:44:21.384,2019-09-01 15:44:21.384
32,Ventelators,ventelators,Ventelators Breathing Device,Ventelators,Ventelators,1200,flexible-conduit-d-25mm.JPG,1000,active,0,2019-09-01 15:44:21.385,2019-09-01 15:44:21.385
33,Ventelators,ventelators,Ventelators Breathing Device,Ventelators,Ventelators,1200,conduit-pvc-d-25mm.JPG,1000,active,0,2019-09-01 15:44:21.385,2019-09-01 15:44:21.385
34,Ventelators,ventelators,Ventelators Breathing Device,Ventelators,Ventelators,1200,tex-screw.JPG,1000,active,0,2019-09-01 15:44:21.385,2019-09-01 15:44:21.385
35,Ventelators,ventelators,Ventelators Breathing Device,Ventelators,Ventelators,1200,blind-rivets-500s.JPG,1000,active,0,2019-09-01 15:44:21.385,2019-09-01 15:44:21.385
36,Ventelators,ventelators,Ventelators Breathing Device,Ventelators,Ventelators,1200,wall-angle.JPG,1000,active,0,2019-09-01 15:44:21.386,2019-09-01 15:44:21.386
37,Ventelators,ventelators,Ventelators Breathing Device,Ventelators,Ventelators,1200,c-channel.JPG,1000,active,0,2019-09-01 15:44:21.386,2019-09-01 15:44:21.386
38,Ventelators,ventelators,Ventelators Breathing Device,Ventelators,Ventelators,1200,metal-furring-05mm-12mm-x-38mm-x-5m.JPG,1000,active,0,2019-09-01 15:44:21.386,2019-09-01 15:44:21.386
39,Ventelators,ventelators,Ventelators Breathing Device,Ventelators,Ventelators,1200,light-fiber-cement-board-14-x-4-x-8.JPG,1000,active,0,2019-09-01 15:44:21.386,2019-09-01 15:44:21.386
40,Ventelators,ventelators,Ventelators Breathing Device,Ventelators,Ventelators,1200,wc-basin-pedesta.JPG,1000,active,0,2019-09-01 15:44:21.387,2019-09-01 15:44:21.387
41,Ventelators,ventelators,Ventelators Breathing Device,Ventelators,Ventelators,1200,welding-rod.JPG,1000,active,0,2019-09-01 15:44:21.387,2019-09-01 15:44:21.387
42,Ventelators,ventelators,Ventelators Breathing Device,Ventelators,Ventelators,1200,primer-paintred-oxide.JPG,1000,active,0,2019-09-01 15:44:21.387,2019-09-01 15:44:21.387
43,Ventelators,ventelators,Ventelators Breathing Device,Ventelators,Ventelators,1200,grinding-disc-4.JPG,1000,active,0,2019-09-01 15:44:21.387,2019-09-01 15:44:21.387
44,Ventelators,ventelators,Ventelators Breathing Device,Ventelators,Ventelators,1200,metal-cutting-disc-14.JPG,1000,active,0,2019-09-01 15:44:21.388,2019-09-01 15:44:21.388
45,Ventelators,ventelators,Ventelators Breathing Device,Ventelators,Ventelators,1200,tile-cutting-disc-4.JPG,1000,active,0,2019-09-01 15:44:21.388,2019-09-01 15:44:21.388
46,Ventelators,ventelators,Ventelators Breathing Device,Ventelators,Ventelators,1200,tile-grout.JPG,1000,active,0,2019-09-01 15:44:21.388,2019-09-01 15:44:21.388
47,Ventelators,ventelators,Ventelators Breathing Device,Ventelators,Ventelators,1200,tile-adhesive.JPG,1000,active,0,2019-09-01 15:44:21.388,2019-09-01 15:44:21.388
48,Ventelators,ventelators,Ventelators Breathing Device,Ventelators,Ventelators,1200,040m-x-040m-non-slip-granite-tiles.JPG,1000,active,0,2019-09-01 15:44:21.389,2019-09-01 15:44:21.389
49,Ventelators,ventelators,Ventelators Breathing Device,Ventelators,Ventelators,1200,latex-paint-raw-siena.JPG,1000,active,0,2019-09-01 15:44:21.389,2019-09-01 15:44:21.389
50,Ventelators,ventelators,Ventelators Breathing Device,Ventelators,Ventelators,1200,latex-paint-thalo-green.JPG,1000,active,0,2019-09-01 15:44:21.389,2019-09-01 15:44:21.389
51,Ventelators,ventelators,Ventelators Breathing Device,Ventelators,Ventelators,1200,latex-paint-tholudine-red.JPG,1000,active,0,2019-09-01 15:44:21.390,2019-09-01 15:44:21.390
52,Ventelators,ventelators,Ventelators Breathing Device,Ventelators,Ventelators,1200,latex-paint-hansa-yellow.JPG,1000,active,0,2019-09-01 15:44:21.390,2019-09-01 15:44:21.390
53,Ventelators,ventelators,Ventelators Breathing Device,Ventelators,Ventelators,1200,roller-paint-brush-pan.JPG,1000,active,0,2019-09-01 15:44:21.390,2019-09-01 15:44:21.390
54,Ventelators,ventelators,Ventelators Breathing Device,Ventelators,Ventelators,1200,acrylic-paint-brush.JPG,0,0,13,active,0,2019-09-01 15:44:21.391,2019-09-01 15:44:21.391
55,Ventelators,ventelators,Ventelators Breathing Device,Ventelators,Ventelators,1200,sand-paper.JPG,1000,active,0,2019-09-01 15:44:21.391,2019-09-01 15:44:21.391
56,Ventelators,ventelators,Ventelators Breathing Device,Ventelators,Ventelators,1200,paint-thinner.JPG,1000,active,0,2019-09-01 15:44:21.391,2019-09-01 15:44:21.391
57,Ventelators,ventelators,Ventelators Breathing Device,Ventelators,Ventelators,1200,semi-gloss-latex-elastomeric.JPG,1000,active,0,2019-09-01 15:44:21.392,2019-09-01 15:44:21.392
58,Ventelators,ventelators,Ventelators Breathing Device,Ventelators,Ventelators,1200,flat-wall-latex.JPG,1000,active,0,2019-09-01 15:44:21.392,2019-09-01 15:44:21.392
59,Ventelators,ventelators,Ventelators Breathing Device,Ventelators,Ventelators,1200,concrete-putty.JPG,1000,active,0,2019-09-01 15:44:21.392,2019-09-01 15:44:21.392
60,Ventelators,ventelators,Ventelators Breathing Device,Ventelators,Ventelators,1200,concrete-nutralizer.JPG,1000,active,0,2019-09-01 15:44:21.392,2019-09-01 15:44:21.392
61,Ventelators,ventelators,Ventelators Breathing Device,Ventelators,Ventelators,1200,code-20g-fd30-fire-door.jpg,1000,active,0,2019-09-01 15:44:21.367,2019-09-01 15:44:21.367
